"rank","full_name","stars","forks","open_issues","language","license","updated_at","pushed_at","description","html_url","topics"
"1","sherlock-project/sherlock","85416","9992","298","Python","MIT","2026-06-24T15:30:00Z","2026-06-24T06:26:22Z","Hunt down social media accounts by username across social networks","https://github.com/sherlock-project/sherlock","cli; cti; cybersecurity; forensics; hacktoberfest; information-gathering; infosec; linux; osint; pentesting; python; python3; reconnaissance; redteam; sherlock; tools"
"2","koala73/worldmonitor","59499","9312","174","TypeScript","NOASSERTION","2026-06-24T15:38:45Z","2026-06-24T15:30:07Z","Real-time global intelligence dashboard. AI-powered news aggregation, geopolitical monitoring, and infrastructure tracking in a unified situational awareness interface","https://github.com/koala73/worldmonitor","ai; dashboard; geopolitics; monitoring; news; opensource; osint; palantir; situation"
"3","lissy93/web-check","33859","2772","80","TypeScript","MIT","2026-06-24T15:15:39Z","2026-06-15T20:55:23Z","🕵️‍♂️ All-in-one OSINT tool for analysing any website","https://github.com/lissy93/web-check","osint; privacy; security; security-tools; sysadmin"
"4","soxoj/maigret","33636","2511","42","Python","MIT","2026-06-24T15:09:24Z","2026-06-24T07:12:03Z","🕵️‍♂️ Collect a dossier on a person by username from 3000+ sites","https://github.com/soxoj/maigret","cli; cybersecurity; identification; information-gathering; infosec; investigation; open-source; osint; osint-framework; osint-python; pentesting; python; python3; reconnaissance; redteam; scraping; sherlock; social-network; socmint; username"
"5","jivoi/awesome-osint","27030","3731","2",,"NOASSERTION","2026-06-24T14:49:17Z","2026-06-22T14:22:09Z",":scream: A curated list of amazingly awesome OSINT","https://github.com/jivoi/awesome-osint","awesome-list; osint; website"
"6","qeeqbox/social-analyzer","23129","2197","27","JavaScript","AGPL-3.0","2026-06-24T15:09:34Z","2026-01-12T21:50:25Z","API, CLI, and Web App for analyzing and finding a person's profile in 1000 social media \ websites","https://github.com/qeeqbox/social-analyzer","analysis; analyzer; cli; information-gathering; javascript; nodejs; nodejs-cli; osint; pentest; pentesting; person-profile; profile; python; reconnaissance; security-tools; social-analyzer; social-media; sosint; username"
"7","gildas-lormeau/SingleFile","21684","1362","144","JavaScript","AGPL-3.0","2026-06-24T15:29:42Z","2026-02-24T15:52:53Z","Web Extension for saving a faithful copy of a complete web page in a single HTML file","https://github.com/gildas-lormeau/SingleFile","annotations; archive; archiver; auto-save; browser; chrome; chrome-extension; cli; firefox; firefox-addon; javascript; offline-reading; osint; puppeteer; screenshot; selenium; self-extracting; self-extracting-zip; snapshot; web-clipper"
"8","mukul975/Anthropic-Cybersecurity-Skills","20383","2367","31","Python","Apache-2.0","2026-06-24T15:36:02Z","2026-06-22T17:11:47Z","817 structured cybersecurity skills for AI agents · Mapped to 6 frameworks: MITRE ATT&CK, NIST CSF 2.0, MITRE ATLAS, D3FEND, NIST AI RMF & MITRE F3 (Fight Fraud) · agentskills.io standard · Works with Claude Code, GitHub Copilot, Codex CLI, Cursor, Gemini CLI & 20+ platforms · 29 security domains · Apache 2.0","https://github.com/mukul975/Anthropic-Cybersecurity-Skills","ai-agents; claude-code; cloud-security; cybersecurity; devsecops; ethical-hacking; incident-response; infosec; llm; malware-analysis; mcp; mitre-attack; nist-csf; osint; penetration-testing; red-team; security; security-automation; threat-hunting; threat-intelligence"
"9","mxrch/GHunt","19130","1671","66","Python","NOASSERTION","2026-06-24T13:41:01Z","2026-04-10T02:29:16Z","🕵️‍♂️ Offensive Google framework.","https://github.com/mxrch/GHunt","google; hideandsec; osint"
"10","smicallef/spiderfoot","19060","3134","269","Python","MIT","2026-06-24T15:13:06Z","2026-04-13T19:43:06Z","SpiderFoot automates OSINT for threat intelligence and mapping your attack surface.","https://github.com/smicallef/spiderfoot","attacksurface; cti; cybersecurity; footprinting; hacking; information-gathering; information-security; infosec; intelligence-gathering; osint; osint-framework; osint-reconnaissance; osint-tool; pentesting; python; recon; security-tools; threat-intelligence; threatintel"
"11","sundowndev/phoneinfoga","16722","5087","84","Go","GPL-3.0","2026-06-24T12:31:03Z","2026-01-06T11:08:15Z","Information gathering framework for phone numbers","https://github.com/sundowndev/phoneinfoga","agregation; footprint; information-gathering; investigation; open-source-intelligence; osint; phone; phone-number; reconnaissance; reputation"
"12","laramies/theHarvester","16614","2504","9","Python","","2026-06-24T14:55:29Z","2026-06-23T21:13:29Z","E-mails, subdomains and names Harvester - OSINT ","https://github.com/laramies/theHarvester","blueteam; discovery; emails; information-gathering; osint; python; recon; reconnaissance; redteam; subdomain-enumeration"
"13","owasp-amass/amass","14754","2137","229","Go","NOASSERTION","2026-06-24T10:46:00Z","2026-04-17T02:51:59Z","In-depth attack surface mapping and asset discovery","https://github.com/owasp-amass/amass","attack-surfaces; dns; enumeration; go; golang; information-gathering; maltego; network-security; osint; osint-reconnaissance; owasp; recon; subdomain"
"14","HunxByts/GhostTrack","14268","1894","98","Python","","2026-06-24T15:35:55Z","2024-01-11T15:36:46Z","Useful tool to track location or mobile number","https://github.com/HunxByts/GhostTrack","cybersecurity; fyp; hacking; hacking-tool; indonesia; information; information-gathering; ip-geolocation; linux; osint; osint-python; osint-tool; pentesting; phone-number; python; python-hacking; termux; termux-hacks; termux-tool"
"15","projectdiscovery/subfinder","13905","1566","12","Go","MIT","2026-06-24T15:10:44Z","2026-06-17T14:23:08Z","Fast passive subdomain enumeration tool.","https://github.com/projectdiscovery/subfinder","bugbounty; hacking; hacktoberfest; osint; reconnaissance; subdomain-enumeration; subdomains"
"16","Datalux/Osintgram","13270","2894","878","Python","GPL-3.0","2026-06-24T14:36:56Z","2025-08-25T12:00:48Z","Osintgram is a OSINT tool on Instagram. It offers an interactive shell to perform analysis on Instagram account of any users by its nickname","https://github.com/Datalux/Osintgram","analysis; hacking; information-gathering; instagram; instagram-account; instagram-api; nickname; osint; osint-python; penetration-testing; python; python3; tool"
"17","s0md3v/Photon","12972","1679","58","Python","GPL-3.0","2026-06-24T13:35:04Z","2026-02-10T08:48:11Z","Incredibly fast crawler designed for OSINT.","https://github.com/s0md3v/Photon","crawler; information-gathering; osint; python; spider"
"18","instaloader/instaloader","12626","1542","47","Python","MIT","2026-06-24T13:36:17Z","2026-04-15T19:26:35Z","Download pictures (or videos) along with their captions and other metadata from Instagram.","https://github.com/instaloader/instaloader","downloader; instagram; instagram-client; instagram-downloader; instagram-feed; instagram-metadata; instagram-photos; instagram-scraper; instagram-stories; instagram-user-photos; instaloader; osint; osint-python; pictures; videos"
"19","lockfale/OSINT-Framework","11532","1878","52","JavaScript","MIT","2026-06-24T12:08:02Z","2026-06-20T08:37:09Z","OSINT Framework","https://github.com/lockfale/OSINT-Framework","footprinting; intelligence-gathering; osint; osint-framework; osint-resources; reconnaissance"
"20","megadose/holehe","11371","1382","77","Python","GPL-3.0","2026-06-24T15:09:11Z","2024-09-10T20:24:32Z","holehe allows you to check if the mail is used on different sites like twitter, instagram and will retrieve information on sites with the forgotten password function.","https://github.com/megadose/holehe","ebay; email; emails; information-gathering; instagram; open-source-intelligence; osint; osint-python; osint-tools; pypi; python; social-network; tellonym; trio; twitter"
"21","edoardottt/awesome-hacker-search-engines","10806","1033","7","Shell","MIT","2026-06-23T12:05:26Z","2026-06-19T06:45:48Z","A curated list of awesome search engines useful during Penetration testing, Vulnerability assessments, Red/Blue Team operations, Bug Bounty and more","https://github.com/edoardottt/awesome-hacker-search-engines","awesome; awesome-list; awesome-lists; bugbounty; cve; dns; exploit; hacking; hacking-tools; hacktoberfest; osint; osint-tool; redteam; redteaming; search-engine; security; security-tools; threat-intelligence; vulnerabilities; wifi-network"
"22","calesthio/Crucix","10324","1638","63","JavaScript","AGPL-3.0","2026-06-24T14:12:32Z","2026-05-20T00:50:21Z","Your personal intelligence agent. Watches the world from multiple data sources and pings you when something changes.","https://github.com/calesthio/Crucix","ai; intelligence; osint"
"23","projectdiscovery/httpx","10074","1077","7","Go","MIT","2026-06-24T13:07:06Z","2026-06-22T21:54:52Z","httpx is a fast and multi-purpose HTTP toolkit that allows running multiple probes using the retryablehttp library.","https://github.com/projectdiscovery/httpx","bugbounty; cli; cybersecurity; hacktoberfest; http; lib; osint; pentest-tool; pipeline; ssl-certificate"
"24","blacklanternsecurity/bbot","9966","858","49","Python","AGPL-3.0","2026-06-24T14:52:24Z","2026-06-24T13:46:01Z","The recursive internet scanner for hackers. 🧡","https://github.com/blacklanternsecurity/bbot","asm; attack-surface-management; automation; bugbounty; cli; easm; hacking; neo4j; osint; osint-framework; pentesting; python; recon; recursion; scanner; subdomain-enumeration; subdomain-scanner; subdomains; threat-intelligence; threatintel"
"25","shmilylty/OneForAll","9875","1434","108","Python","GPL-3.0","2026-06-24T08:09:57Z","2026-05-11T14:02:22Z","OneForAll是一款功能强大的子域收集工具","https://github.com/shmilylty/OneForAll","altname; bugbounty; content-security-policy; crossdomainxml; information-gathering; nsec; oneforall; osint; pentest-tool; python; recon; subdomain; subdomain-bruteforcing; subdomain-collection; subdomain-crawler; subdomain-enumeration; subdomain-scanner; subdomain-takeover; subdomian-find; zone-transfers"
"26","OpenCTI-Platform/opencti","9589","1385","1992","TypeScript","NOASSERTION","2026-06-24T15:21:40Z","2026-06-24T15:21:30Z","Open Cyber Threat Intelligence Platform","https://github.com/OpenCTI-Platform/opencti","cti; cyber; cybersecurity; intelligence; osint; security; threat-intelligence"
"27","BigBodyCobain/Shadowbroker","9378","1464","1","Python","AGPL-3.0","2026-06-24T13:53:52Z","2026-06-23T07:31:21Z","Open-source intelligence for the global theater. Track everything from the corporate/private jets of the wealthy, and spy satellites, to seismic events in one unified interface. Hook an AI agent up to have it parse through data and find previously unseen correlations. The knowledge is available to all but rarely aggregated in the open, until now.","https://github.com/BigBodyCobain/Shadowbroker","ads-b; adsb; air-force-one; aircraft; aircraft-tracking; airforce1; asdb; cctv; cctv-cameras; cctv-surveillance; earthquake-visualization; elonjet; maritime-surveillance; osint; osint-resources; osint-tool; sattelite; sattelite-imagery; sdr; surveillance"
"28","jofpin/trape","8717","1344","250","Python","","2026-06-24T10:16:53Z","2024-06-20T19:04:00Z","People tracker on the Internet: OSINT analysis and research tool by Jose Pino","https://github.com/jofpin/trape","flask; footprint; hacking; hacking-tool; jose-pino; osint; phising; python; recognition; security; social-engineering; tracking"
"29","yogeshojha/rengine","8705","1332","161","HTML","GPL-3.0","2026-06-24T07:56:59Z","2026-03-21T01:04:45Z","reNgine is an automated reconnaissance framework for web applications with a focus on highly configurable streamlined recon process via Engines, recon data correlation and organization, continuous monitoring, backed by a database, and simple yet intuitive User Interface. reNgine makes it easy for penetration testers to gather reconnaissance with minimal configuration and with the help of reNgine's correlation, it just makes recon effortless.","https://github.com/yogeshojha/rengine","bug-bounty; bugbounty; hacking; information-gathering; infosec; osint; penetration-testing; pentesting; recon; recon-engine; reconnaissance; rengine; scanner; scanner-web; scanning; security-tools"
"30","cipher387/osint_stuff_tool_collection","8283","937","70","HTML","","2026-06-24T14:45:13Z","2026-05-12T12:42:04Z","A collection of several hundred online tools for OSINT","https://github.com/cipher387/osint_stuff_tool_collection","awesome; awesome-list; cybersecurity; geoint; hacking; humint; osint; socmint; tools; toolset"
"31","six2dez/reconftw","7728","1190","4","Shell","MIT","2026-06-24T13:13:48Z","2026-05-15T07:49:46Z","reconFTW is a tool designed to perform automated recon on a target domain by running the best set of tools to perform scanning and finding out vulnerabilities","https://github.com/six2dez/reconftw","bug-bounty; bugbounty; bugbounty-tool; dns; hacking; nuclei; osint; penetration-testing; pentest; pentest-tool; pentesting; recon; reconnaissance; scanner; security; security-tools; subdomain; subdomain-enumeration; vulnerabilities"
"32","reconurge/flowsint","6998","854","43","TypeScript","Apache-2.0","2026-06-24T14:45:41Z","2026-06-24T07:29:32Z","A modern platform for visual, flexible, and extensible graph-based investigations. For cybersecurity analysts and investigators.","https://github.com/reconurge/flowsint","investigation; osint; python; recon"
"33","p1ngul1n0/blackbird","6561","737","14","Python","","2026-06-24T13:50:54Z","2025-07-13T13:48:19Z","An OSINT tool to search for accounts by username and email in social networks.","https://github.com/p1ngul1n0/blackbird","cybersecurity; osint; pentesting; python"
"34","j3ssie/osmedeus","6433","1013","6","Go","MIT","2026-06-24T03:23:23Z","2026-06-01T05:13:48Z","A Modern Orchestration Engine for Security","https://github.com/j3ssie/osmedeus","agentic-ai; attack-surface-management; bugbounty; go; hacking; hacking-tool; llm; osint; penetration-testing; pentesting; reconnaissance; security; security-tools; workflow-engine; workflows"
"35","alpkeskin/mosint","5897","640","27","Go","MIT","2026-06-24T09:08:59Z","2024-02-02T13:10:43Z","An automated e-mail OSINT tool","https://github.com/alpkeskin/mosint","automation; data-breach; email; email-checker; go; hacking; information-gathering; osint; osint-tool; pentest; pwn; python-hacking; social-media; socmint; verification-service"
"36","elceef/dnstwist","5692","848","17","Python","Apache-2.0","2026-06-23T12:41:53Z","2025-04-15T18:41:47Z","Domain name permutation engine for detecting homograph phishing attacks, typo squatting, and brand impersonation","https://github.com/elceef/dnstwist","dns; domains; fuzzing; homoglyph; homograph-attack; idn; osint; phishing; scanner; threat-hunting; threat-intelligence; typosquatting"
"37","apurvsinghgautam/robin","5577","1088","16","Python","MIT","2026-06-24T14:25:57Z","2026-06-02T22:30:18Z","AI-Powered Dark Web OSINT Tool","https://github.com/apurvsinghgautam/robin","ai-tool; darkweb; darkweb-osint; investigation-tool; llm-powered; osint; osint-tool"
"38","hakluke/hakrawler","5073","537","9","Go","GPL-3.0","2026-06-22T15:03:04Z","2024-12-21T20:40:03Z","Simple, fast web crawler designed for easy, quick discovery of endpoints and assets within a web application","https://github.com/hakluke/hakrawler","bugbounty; crawling; hacking; osint; pentesting; recon; reconnaissance"
"39","khast3x/h8mail","5057","581","35","Python","NOASSERTION","2026-06-24T08:25:43Z","2023-08-15T10:50:34Z","Email OSINT & Password breach hunting tool, locally or using premium services. Supports chasing down related email","https://github.com/khast3x/h8mail","breach; breach-compilation; email; hacking; haveibeenpwned; hibp; kali; leak; osint; password; recon; theharvester"
"40","may215/awesome-termux-hacking","4633","370","67",,"","2026-06-24T07:07:26Z","2023-12-14T06:23:37Z","⚡️An awesome list of the best Termux hacking tools ","https://github.com/may215/awesome-termux-hacking","android; awesome-list; hacking-tools; osint; penetration-testing; termux-hacking; wifi-security"
"41","intelowlproject/IntelOwl","4605","647","70","Python","AGPL-3.0","2026-06-23T07:07:59Z","2026-06-24T13:58:31Z","IntelOwl: manage your Threat Intelligence at scale","https://github.com/intelowlproject/IntelOwl","cyber-security; cyber-threat-intelligence; cybersecurity; dfir; enrichment; hacktoberfest; honeynet; incident-response; intel-owl; ioc; malware-analysis; malware-analyzer; osint; osint-python; python; security-tools; threat-hunting; threat-intelligence; threathunting; threatintel"
"42","DedSecInside/TorBot","4150","681","10","Python","NOASSERTION","2026-06-23T22:34:30Z","2026-01-08T06:16:42Z","Dark Web OSINT Tool","https://github.com/DedSecInside/TorBot","algorithm; crawler; dark-web; dedsec-inside; deepweb; go; hacking; hacktoberfest; osint; projects; psnappz; python; python-web-crawler; python3; security; security-tools; spider; tor; tor-network; torbot"
"43","ivre/ivre","4066","694","54","Python","GPL-3.0","2026-06-24T11:58:02Z","2026-06-24T11:57:54Z","Network recon framework. Build your own, self-hosted and fully-controlled alternatives to Shodan / ZoomEye / Censys and GreyNoise, run your Passive DNS service, build your taylor-made EASM tool, collect and analyse network intelligence from your sensors, and much more! Uses Nmap, Masscan, Zeek, p0f, ProjectDiscovery tools, etc.","https://github.com/ivre/ivre","bro; easm; external-attack-surface-management; hacktoberfest; masscan; network; network-discovery; network-recon; network-reconnaissance; network-security; nmap; nmap-parser; nmap-results-analyse; nmap-scripts; osint; projectdiscovery; scan-ports; scans; security; zeek"
"44","megadose/toutatis","4027","1274","274","Python","GPL-3.0","2026-06-24T05:15:50Z","2024-12-05T21:46:49Z","Toutatis is a tool that allows you to extract information from instagrams accounts such as e-mails, phone numbers and more","https://github.com/megadose/toutatis","information-gathering; instagram; instagram-scraper; open-source-intelligence; osint; osint-tools; python"
"45","giuliacassara/awesome-social-engineering","4026","474","8",,"","2026-06-24T13:37:09Z","2023-04-05T10:31:18Z","A curated list of awesome social engineering resources.","https://github.com/giuliacassara/awesome-social-engineering","awesome-list; infosec; osint; psychology; social-engineering"
"46","eth0izzle/shhgit","3967","480","35","JavaScript","MIT","2026-06-21T05:04:42Z","2025-02-28T15:41:48Z","Ah shhgit! Find secrets in your code. Secrets detection for your GitHub, GitLab and Bitbucket repositories.","https://github.com/eth0izzle/shhgit","cyint; github; github-api; golang; osint; secret; secrets; secrets-management; security"
"47","snooppr/snoop","3952","446","1","Python","NOASSERTION","2026-06-23T09:51:47Z","2026-06-23T05:31:36Z","Snoop — инструмент разведки на основе открытых данных (OSINT world)","https://github.com/snooppr/snoop","blueteam; ctf; geo; geocoder; infosec; ip; nickname; osint; parser; pentest; police; redteam; scanner; scraping; security; termux; username; username-checker; username-search; web-scraping"
"48","leebaird/discover","3893","869","0","Shell","MIT","2026-06-23T19:14:22Z","2026-06-23T14:54:16Z","Custom bash scripts used to automate various penetration testing tasks including recon, scanning,  enumeration, and malicious payload creation using Metasploit. For use with Kali Linux and Ubuntu.","https://github.com/leebaird/discover","bash; enumeration; information-gathering; kali-linux; metasploit; nmap; osint; payload-generator; pentesting; recon; reconnaissance; red-team; scanning"
"49","Findomain/Findomain","3760","395","24","Rust","GPL-3.0","2026-06-22T07:16:51Z","2026-05-06T18:40:40Z","The fastest and complete solution for domain recognition. Supports screenshoting, port scan, HTTP check, data import from other tools, subdomain monitoring, alerts via Discord, Slack and Telegram, multiple API Keys for sources and much more.","https://github.com/Findomain/Findomain","bugbounty; dns; osint; subdomains"
"50","jasonxtn/Argus","3638","447","17","Python","MIT","2026-06-24T14:48:00Z","2025-12-10T10:30:05Z","The Ultimate Information Gathering Toolkit","https://github.com/jasonxtn/Argus","cms-detection; directory-finder; dns-lookup; email-harvester; information-gathering; osint; pastebin-monitoring; recon-tools; reconnaissance; server-info; ssl-analitcs; txt-records; virustotal; web-crawler; whois-lookup"
"51","Lucksi/Mr.Holmes","3624","537","38","Python","GPL-3.0","2026-06-24T14:55:45Z","2026-02-21T11:15:55Z"," A Complete Osint Tool :mag:","https://github.com/Lucksi/Mr.Holmes","geolocation; information-gathering; kali-linux; linux; macos; open-source-intelligence; osint; osint-framework; osint-python; osint-tool; osint-tools; python; python-script; spam; termux; termux-hacking; username-checker; windows"
"52","evyatarmeged/Raccoon","3576","443","14","Python","MIT","2026-06-23T13:43:53Z","2026-04-21T21:23:15Z","A high performance offensive security tool for reconnaissance and vulnerability scanning","https://github.com/evyatarmeged/Raccoon","enumeration; fuzzing; hacking; hacking-tool; information-gathering; offensive-security; osint; pentest-tool; pentesting; raccoon; reconnaissance; scanner; security-scanner; vulnerability-assessment; vulnerability-scanner"
"53","Astrosp/Awesome-OSINT-List","3492","447","12","Shell","GPL-3.0","2026-06-24T15:30:03Z","2026-06-21T16:22:01Z","📡 Comprehensive collection of OSINT tools for cybersecurity professionals, researchers, and bug bounty hunters. Topics: information gathering, reverse search, red team, trust & safety, AI.","https://github.com/Astrosp/Awesome-OSINT-List","ai; ai-tools; awesome-list; bug-bounty; cybersecurity; information-gathering; osint; pentest; recon; red-team; reverse-search; security-tools; threat-intelligence"
"54","ibnaleem/gosearch","3447","313","3","Go","GPL-3.0","2026-06-24T15:10:05Z","2026-06-07T17:29:25Z","🔍 Search anyone's digital footprint across 300+ websites","https://github.com/ibnaleem/gosearch","cti; cybersecurity; digital-footprint; digital-footprint-lookup; golang; information-gathering; osint; osint-framework; osint-reconnaissance; osint-resources; osint-tool; pentesting; redteam; sherlock; sherlock-alternatives; social-media; username-checker; username-osint; username-scanner; username-search"
"55","edoardottt/cariddi","3437","293","11","Go","GPL-3.0","2026-06-24T09:09:04Z","2026-05-27T07:15:28Z","Take a list of domains, crawl urls and scan for endpoints, secrets, api keys, file extensions, tokens and more","https://github.com/edoardottt/cariddi","bugbounty; crawler; crawling; endpoint-discovery; endpoints; go; golang; hacktoberfest; infosec; osint; penetration-testing; pentesting; recon; reconnaissance; redteam; scraper; secret-keys; secrets-detection; security; security-tools"
"56","opsdisk/pagodo","3356","546","4","Python","GPL-3.0","2026-06-24T06:46:24Z","2025-12-01T16:24:43Z","pagodo (Passive Google Dork) - Automate Google Hacking Database scraping and searching","https://github.com/opsdisk/pagodo","bugbounty; dork; ghdb; google; google-dork; google-dorks; google-hacking-database; osint; osint-python; python; yagooglesearch"
"57","devanshbatham/ParamSpider","3105","477","37","Python","MIT","2026-06-24T04:28:02Z","2026-03-07T16:16:48Z"," Mining URLs from dark corners of Web Archives for bug hunting/fuzzing/further probing ","https://github.com/devanshbatham/ParamSpider","bugbounty; content-discovery; fuzzing; osint; parameter; parameter-finder; urls-parameters"
"58","projectdiscovery/uncover","2998","270","10","Go","MIT","2026-06-23T16:59:48Z","2026-06-03T00:25:06Z","Quickly discover exposed hosts on the internet using multiple search engines.","https://github.com/projectdiscovery/uncover","asm; attack-surface; bugbounty; cli; hacktoberfest; osint; recon; reconnaissance"
"59","0x0be/yesitsme","2848","290","25","Python","","2026-06-24T05:06:23Z","2024-08-17T18:35:46Z","Simple OSINT script to find Instagram profiles by name and e-mail/phone ","https://github.com/0x0be/yesitsme","instagram; open-source-intelligence; osint; osint-tools; python; social-media-analysis; social-media-intelligence; socmint"
"60","mikeroyal/Digital-Forensics-Guide","2799","323","6","Python","","2026-06-24T06:28:49Z","2024-01-04T22:41:58Z","Digital Forensics Guide. Learn all about Digital Forensics, Computer Forensics, Mobile device Forensics, Network Forensics, and Database Forensics.","https://github.com/mikeroyal/Digital-Forensics-Guide","alerting; cyber-security; detection-engineering; dfir; digital-forensics; digitalforensicreadiness; digitalforensics; forensic-analysis; forensics; forensics-investigations; forensics-tools; intrusion-detection; mitre-attack; network-security; offensive-security; osint; port-scanning; security; siem; threat-intelligence"
"61","ItIsMeCall911/Awesome-Telegram-OSINT","2747","263","16",,"","2026-06-23T19:15:11Z","2024-08-03T12:45:01Z","📚 A Curated List of Awesome Telegram OSINT Tools, Sites & Resources","https://github.com/ItIsMeCall911/Awesome-Telegram-OSINT","awesome; awesome-list; osint; osint-resources; telegram; telethon"
"62","bhavsec/reconspider","2713","365","30","Python","GPL-3.0","2026-06-22T23:43:07Z","2023-09-26T10:12:16Z","🔎 Most Advanced Open Source Intelligence (OSINT) Framework for scanning IP Address, Emails, Websites, Organizations.","https://github.com/bhavsec/reconspider","automated; cybersecurity; framework; hacking; information-gathering; osint; pentest; pentesting; python; recon; reconnaissance; scanner; security"
"63","cipher387/Dorks-collections-list","2685","392","2",,"","2026-06-24T14:02:41Z","2025-04-11T03:29:15Z","List of Github repositories and articles with list of dorks for different search engines","https://github.com/cipher387/Dorks-collections-list","awesome; awesome-list; cybersecurity; hacking; osint; pentest"
"64","redhuntlabs/Awesome-Asset-Discovery","2683","408","15",,"CC0-1.0","2026-06-24T15:16:35Z","2025-01-22T10:48:28Z","List of Awesome Asset Discovery Resources","https://github.com/redhuntlabs/Awesome-Asset-Discovery","asset-discovery; awesome-list; infosec; osint; recon; reconnaissance"
"65","martinvigo/email2phonenumber","2683","298","10","Python","MIT","2026-06-23T15:33:30Z","2024-07-26T21:09:58Z","A OSINT tool to obtain a target's phone number just by having his email address","https://github.com/martinvigo/email2phonenumber","authentication; hacking; osint; osinttool; password-reset; privacy"
"66","WebBreacher/WhatsMyName","2614","415","4","Python","NOASSERTION","2026-06-24T15:06:45Z","2026-06-24T15:31:17Z","Community-maintained dataset of 700+ websites for finding accounts by username — powers OSINT and digital footprint tools.","https://github.com/WebBreacher/WhatsMyName","cybersecurity; dataset; json; osint; osint-tool; recon; user-enumeration; username; users"
"67","thewhiteh4t/pwnedOrNot","2582","350","6","Python","MIT","2026-06-22T13:16:34Z","2026-03-28T06:34:07Z","OSINT Tool for Finding Passwords of Compromised Email Addresses","https://github.com/thewhiteh4t/pwnedOrNot","api; hacked-emails; haveibeenpwned; osint; passwords; pwnedornot"
"68","thewhiteh4t/nexfil","2568","252","8","Python","MIT","2026-06-24T09:42:28Z","2023-09-30T04:43:12Z","OSINT tool for finding profiles by username","https://github.com/thewhiteh4t/nexfil","cybersecurity; fast; open-source-intelligence; osint; python; username"
"69","osintbrazuca/osint-brazuca","2561","344","1",,"MIT","2026-06-24T04:39:57Z","2026-06-10T02:01:03Z","Repositório criado com intuito de reunir informações, fontes(websites/portais) e tricks de OSINT dentro do contexto Brasil.","https://github.com/osintbrazuca/osint-brazuca","brasil; hacking; osint; threat-hunting; threat-intelligence; threatintel"
"70","Lifka/hacking-resources","2557","259","7",,"","2026-06-23T15:14:47Z","2024-06-25T18:58:59Z","Hacking resources and cheat sheets. References, tools, scripts, tutorials, and other resources that help offensive and defensive security professionals.","https://github.com/Lifka/hacking-resources","ethicalhacking; gathering; hacker; hacking; malware; network-monitoring; osint; powershell; social-engineering; tools; vulnerability"
"71","danieldurnea/FBI-tools","2541","368","10",,"","2026-06-23T20:09:07Z","2025-03-12T23:04:21Z","🕵️ OSINT Tools for gathering information and actions forensics 🕵️ ","https://github.com/danieldurnea/FBI-tools","awesome; awesome-list; bug-bounty; cybersecurity; forensics; hacking; incident-response; infosec; osint; penetration-testing; pentesting; reconnaissance; security; security-automation; security-tools"
"72","kpcyrd/sn0int","2463","222","54","Rust","GPL-3.0","2026-06-24T09:08:46Z","2026-05-15T15:41:27Z","Semi-automatic OSINT framework and package manager","https://github.com/kpcyrd/sn0int","bug-bounty; certificate-transparency; intelligence; investigation; location; lua; osint; osint-framework; pentesting; recon; reconnaissance; rust; security; security-audit; security-scanner"
"73","TermuxHackz/X-osint","2401","296","2","Python","GPL-3.0","2026-06-23T23:37:53Z","2026-06-16T14:27:44Z","This is an Open source intelligent framework ie an osint tool which gathers valid information about a phone number, user's email address, perform VIN Osint, and reverse, perform subdomain enumeration, able to find email from a name, and so much more. Best osint tool for Termux and linux","https://github.com/TermuxHackz/X-osint","dns-lookup; dns-reverse; email-osint; google-dork; google-hacking; info-gathering; information-gathering; ip-osint; movie-actor-osint; movie-database-osint; osint; phone-info; phone-location; phone-number; python3; shell; shell-script; smtp; smtp-analysis; x-osint"
"74","kaifcodec/user-scanner","2390","259","7","Python","MIT","2026-06-24T15:37:08Z","2026-06-24T07:24:54Z","🕵️‍♂️ (2-in-1) Email & Username OSINT suite for deep data extraction. Analyzes 285+ scan vectors (100+ email / 185+ username) for security research, investigations, and digital footprinting.","https://github.com/kaifcodec/user-scanner","cybersecurity; cybersecurity-tools; email-osint; enumeration; osint; osint-email; osint-tool; osint-tools; osint-username; python; threat-intelligence; username-osint"
"75","alephdata/aleph","2384","348","371","JavaScript","MIT","2026-06-22T16:28:17Z","2026-02-20T22:43:51Z","Search and browse documents and data; find the people and companies you look for.","https://github.com/alephdata/aleph","data-search; graph-database; investigative-journalism; journalism; osint; python"
"76","cipher387/API-s-for-OSINT","2345","305","19",,"CC0-1.0","2026-06-24T05:00:58Z","2025-05-16T23:40:15Z","List of API's for gathering information about phone numbers, addresses, domains etc","https://github.com/cipher387/API-s-for-OSINT","api; api-rest; awesome; awesome-list; cybersecurity; information-gathering; osint"
"77","Alfredredbird/tookie-osint","2317","193","1","Python","MIT","2026-06-24T12:15:08Z","2026-05-29T02:58:57Z","Tookie is a advanced OSINT information gathering tool that finds social media accounts based on inputs.","https://github.com/Alfredredbird/tookie-osint","cyber-security; cybersecurity; hacking-tool; hacking-tools; information-gathering; osint; osint-framework; osint-kali; osint-python; osint-reconnaissance; osint-resources; osint-tool; osint-toolkit; osint-tools; osinttool; parrot-os; python; python3; script"
"78","hisxo/gitGraber","2312","357","11","Python","GPL-3.0","2026-06-24T05:45:43Z","2026-03-26T09:32:20Z","gitGraber: monitor GitHub to search and find sensitive data in real time for different online services such as: Google, Amazon, Paypal, Github, Mailgun, Facebook, Twitter, Heroku, Stripe...","https://github.com/hisxo/gitGraber","bugbounty; leaks; monitor; osint; realtime; redteam; security-automation; security-tools"
"79","Owez/yark","2174","69","21","Python","MIT","2026-06-22T16:25:27Z","2026-06-07T18:37:19Z","OSINT for YouTube made simple.","https://github.com/Owez/yark","archive; osint; youtube; youtube-dl"
"80","initstring/cloud_enum","2103","298","0","Python","MIT","2026-06-23T06:42:01Z","2026-05-21T07:07:06Z","Multi-cloud OSINT tool. Enumerate public resources in AWS, Azure, and Google Cloud.","https://github.com/initstring/cloud_enum","osint; penetration-testing"
"81","samugit83/redamon","2030","427","19","Python","MIT","2026-06-24T05:48:40Z","2026-06-23T06:47:23Z","An AI-powered agentic red team framework that automates offensive security operations, from reconnaissance to exploitation to post-exploitation, with zero human intervention.","https://github.com/samugit83/redamon","agentic-ai; ai; cybersecurity; ethical-hacking; ethical-hacking-tools; exploitation; metasploit; osint; penetration-testing; red-team"
"82","Jieyab89/OSINT-Cheat-sheet","2029","306","0","Python","","2026-06-24T13:38:05Z","2026-06-23T10:49:13Z","OSINT cheat sheet, list OSINT tools, wiki, dataset, article, book , red team OSINT for hackers and OSINT tips and OSINT branch. This repository will grow every time will research, there is a research, science and technology, tutorial. Please use it wisely.","https://github.com/Jieyab89/OSINT-Cheat-sheet","cheatsheet; cybersecurity; datasets; education; hacking; imint; information-gathering; information-security; journalism; masint; osint; osint-tool; osintwiki; reconnaissance; red-team; science; scraping; socmint; tools; wiki"
"83","AzizKpln/Moriarty-Project","2000","293","26","Python","MIT","2026-06-22T09:34:05Z","2024-07-13T06:27:10Z","This tool gives information about the phone number that you entered.","https://github.com/AzizKpln/Moriarty-Project","advanced; advanced-osint-tool; amazon-aws; information; information-gathering; kali-osint; moriarty; moriarty-project; osint; osint-kali; osint-python; osint-tool; osinttool; phone; phone-information; phone-number; phone-number-information; phoneinfo; python3-moriarty; sms"
"84","vaguileradiaz/tinfoleak","1977","266","28","Python","CC-BY-SA-4.0","2026-06-16T01:00:00Z","2019-02-06T22:22:17Z","The most complete open-source tool for Twitter intelligence analysis","https://github.com/vaguileradiaz/tinfoleak","intelligence; osint; socialmedia; socmint; twitter"
"85","OffcierCia/On-Chain-Investigations-Tools-List","1905","244","3",,"Unlicense","2026-06-21T05:41:46Z","2026-06-03T14:21:13Z","Here we discuss how one can investigate crypto hacks and security incidents, and collect all the possible tools and manuals! PRs are welcome! If any tool is missing - please open PR!","https://github.com/OffcierCia/On-Chain-Investigations-Tools-List","aml; awesome; awesome-list; awesome-readme; awsome-lists; bitcoin; blockchain; due-diligence; ethereum; investigation; on-chain-analysis; on-chain-investigation; osint; tether; visualization"
"86","nitefood/asn","1901","196","3","Shell","MIT","2026-06-24T09:08:57Z","2026-06-22T11:05:19Z","ASN / RPKI validity / BGP stats / IPv4v6 / Prefix / URL / ASPath / Organization / IP reputation / IP geolocation / IP fingerprinting / Network recon / lookup API server / Web traceroute server","https://github.com/nitefood/asn","api; as-path; asn; asn-lookup; autonomous-systems; bash; bgp; fingerprinting; geolocation; incident-response; ip-lookup; ip-reputation; mtr; osint; recon; rpki; shodan; team-cymru; traceroute; whois"
"87","megadose/ignorant","1876","273","42","Python","GPL-3.0","2026-06-24T15:11:20Z","2024-07-27T06:11:44Z","ignorant allows you to check if a phone number is used on different sites like snapchat, instagram.","https://github.com/megadose/ignorant","amazon; instagram; osint; phone-number; python; snapchat; trio"
"88","0xInfection/TIDoS-Framework","1864","392","16","Python","GPL-3.0","2026-06-21T05:41:57Z","2023-04-19T19:02:06Z","The Offensive Manual Web Application Penetration Testing Framework.","https://github.com/0xInfection/TIDoS-Framework","enumeration; exploitation; footprinting; intelligence-gathering; osint; reconnaissance; scanning-enumeration; tidos-framework; vulnerability-analysis; vulnerability-detection; web-application-security; web-fuzzer; web-penetration-testing"
"89","osintambition/Social-Media-OSINT-Tools-Collection","1849","218","15",,"GPL-3.0","2026-06-24T15:30:21Z","2026-01-30T14:43:22Z","A collection of most useful osint tools for SOCINT.","https://github.com/osintambition/Social-Media-OSINT-Tools-Collection","humint; osint; osint-resources; osint-toolkit; osint-tools; osinttool; social; social-media; socint; socmint"
"90","The-Osint-Toolbox/Telegram-OSINT","1848","163","1",,"","2026-06-24T09:09:30Z","2026-05-17T09:49:09Z","In-depth repository of Telegram OSINT resources covering, tools, techniques & tradecraft.","https://github.com/The-Osint-Toolbox/Telegram-OSINT","blogs; bot; browser-extension; channel-lookup; cmd-line-tools; custom-search-engine; group-lookup; osint; telegram; telegram-bot"
"91","ninoseki/mitaka","1810","190","1","TypeScript","MIT","2026-06-24T15:18:56Z","2026-06-16T00:31:49Z","A browser extension for OSINT search","https://github.com/ninoseki/mitaka","chrome-extension; osint; security; threat-intelligence"
"92","1N3/BlackWidow","1809","393","3","Python","NOASSERTION","2026-06-19T11:41:09Z","2026-04-17T12:35:56Z","A Python based web application scanner to gather OSINT and fuzz for OWASP vulnerabilities on a target website.","https://github.com/1N3/BlackWidow","active; application; automated; bugbounty; csrf; fuzzer; lfi; osint; owasp; passive; python; rce; rfi; scan; scanner; spider; sqli; vulnerability; web; xss"
"93","x0rz/phishing_catcher","1807","363","44","Python","GPL-3.0","2026-06-21T05:42:09Z","2024-08-13T22:18:01Z","Phishing catcher using Certstream","https://github.com/x0rz/phishing_catcher","certificate-transparency; osint; phishing; threat-intelligence; threatintel"
"94","iojw/socialscan","1783","213","14","Python","MPL-2.0","2026-06-23T18:10:49Z","2026-04-27T21:56:17Z","Python library for accurately querying username and email usage on online platforms","https://github.com/iojw/socialscan","cli; email; email-checker; osint; social-media; username; username-checker"
"95","Yvesssn/DetectDee","1771","232","15","Go","Apache-2.0","2026-06-23T11:30:43Z","2023-08-26T09:42:08Z","DetectDee: Hunt down social media accounts by username, email or phone across social networks.","https://github.com/Yvesssn/DetectDee","collision-detection; credi; golang; linux; macos; osint; redteam; soical-enginering-attack; windows"
"96","fsociety-team/fsociety","1760","210","20","Python","MIT","2026-06-24T04:14:15Z","2026-05-25T19:04:40Z","A Modular Penetration Testing Framework","https://github.com/fsociety-team/fsociety","cli; docker; fsociety; osint; penetration-testing; python; python3"
"97","initstring/linkedin2username","1746","218","1","Python","MIT","2026-06-22T11:22:18Z","2026-05-20T23:16:42Z","OSINT Tool: Generate username lists for companies on LinkedIn","https://github.com/initstring/linkedin2username","hacking; osint; penetration-testing; pentesting"
"98","megadose/OnionSearch","1713","221","17","Python","GPL-3.0","2026-06-24T09:08:53Z","2024-08-08T11:31:59Z","OnionSearch is a script that scrapes urls on different .onion search engines. ","https://github.com/megadose/OnionSearch","ahmia; deeplink; information-gathering; onion; open-source-intelligence; osint; osint-tools; phobos; pypi; python; scrapes-urls; search-engines"
"99","utkusen/urlhunter","1683","115","0","Go","MIT","2026-06-21T05:42:26Z","2025-01-23T15:48:12Z","a recon tool that allows searching on URLs that are exposed via shortener services","https://github.com/utkusen/urlhunter","bugbounty; intelligence; osint; recon; security"
"100","unicodeveloper/globalthreatmap","1679","278","23","TypeScript","","2026-06-24T09:10:11Z","2026-04-20T11:14:41Z","Global threat map. Learn wars, conflicts, military bases and history of nations. ","https://github.com/unicodeveloper/globalthreatmap","ai; ai-agents; ai-assistant; intelligence; nato; osint; osint-tool; real-time; usa-military; valyu-ai"
